match_id,home_team_name,away_team_name,match_result,rank_diff,elo_diff,value_diff_m,caps_diff,age_diff,rest_diff,host_diff,prev_goal_diff,prev_conceded_diff,prev_xg_diff,prev_possession_diff,prev_shots_diff
1,Mexico,South Africa,H,46,190.0,364.206509,699,-1.09229716211237,0.0,1,0.0,0.0,0.0,0.0,0.0
2,South Korea,Czechia,H,18,60.0,-48.09183,236,-0.4449007529089677,0.0,0,0.0,0.0,0.0,0.0,0.0
3,Canada,Bosnia and Herzegovina,D,31,150.0,57.833523,360,-0.516190175327754,0.0,1,0.0,0.0,0.0,0.0,0.0
4,USA,Paraguay,H,37,125.0,243.128319,272,2.0976149107565867,0.0,1,0.0,0.0,0.0,0.0,0.0
5,Qatar,Switzerland,D,-37,-260.0,-235.884542,438,-1.2006528721107834,0.0,0,0.0,0.0,0.0,0.0,0.0
6,Brazil,Morocco,D,1,110.0,436.478259,209,-2.7640709735165565,0.0,0,0.0,0.0,0.0,0.0,0.0
7,Haiti,Scotland,A,-44,-190.0,-63.765576,-346,1.6943084294213726,0.0,0,0.0,0.0,0.0,0.0,0.0
8,Australia,Türkiye,H,-1,10.0,-381.132482,-238,0.3127468014531658,0.0,0,0.0,0.0,0.0,0.0,0.0
9,Germany,Curaçao,H,72,450.0,948.673542,225,-0.025798978571049958,0.0,0,0.0,0.0,0.0,0.0,0.0
10,Netherlands,Japan,D,10,100.0,494.367546,54,-0.2792607802874798,0.0,0,0.0,0.0,0.0,0.0,0.0
11,Côte d'Ivoire,Ecuador,H,-15,-120.0,235.979054,-63,0.2286105407255299,0.0,0,0.0,0.0,0.0,0.0,0.0
12,Sweden,Tunisia,H,20,105.0,329.607931,-65,-0.9124414257884439,0.0,0,0.0,0.0,0.0,0.0,0.0
13,Spain,Cabo Verde,D,65,480.0,2038.846578,-83,2.9289738324645853,0.0,0,0.0,0.0,0.0,0.0,0.0
14,Belgium,Egypt,D,27,220.0,436.474172,254,1.4444268941188732,0.0,0,0.0,0.0,0.0,0.0,0.0
15,Saudi Arabia,Uruguay,D,-42,-300.0,-190.805119,0,0.22618859579846173,0.0,0,0.0,0.0,0.0,0.0,0.0
16,IR Iran,New Zealand,D,65,310.0,107.530124,343,-2.065497814984468,0.0,0,0.0,0.0,0.0,0.0,0.0
17,France,Senegal,H,12,260.0,1089.859352,-216,0.08624229979466236,0.0,0,0.0,0.0,0.0,0.0,0.0
18,Iraq,Norway,A,-11,-145.0,-341.281241,28,-0.11056705101880837,0.0,0,0.0,0.0,0.0,0.0,0.0
19,Argentina,Algeria,H,27,390.0,795.898584,474,-2.26083293845101,0.0,0,0.0,0.0,0.0,0.0,0.0
20,Austria,Jordan,H,39,220.0,139.606277,-59,-0.14594850734480858,0.0,0,0.0,0.0,0.0,0.0,0.0
21,Portugal,Congo DR,D,56,340.0,992.870927,370,1.033433370189016,0.0,0,0.0,0.0,0.0,0.0,0.0
22,England,Croatia,H,7,110.0,934.518896,-323,1.0555467803927847,0.0,0,0.0,0.0,0.0,0.0,0.0
23,Ghana,Panama,H,-15,10.0,24.709791,-971,3.4513768230400608,0.0,0,0.0,0.0,0.0,0.0,0.0
24,Uzbekistan,Colombia,A,-37,-340.0,-375.818359,-87,1.8760596009055988,0.0,0,0.0,0.0,0.0,0.0,0.0
25,Mexico,South Korea,H,8,10.0,272.856509,263,0.16500816090137604,0.0,0,0.0,1.0,0.3900000000000001,3.0,-1.0
26,Czechia,South Africa,D,20,120.0,139.44183,200,-0.8124045701047784,0.0,0,1.0,0.0,0.6000000000000001,3.0,1.0
27,Canada,Qatar,H,23,195.0,82.933547,-613,2.535039224977627,1.0,1,0.0,0.0,0.5700000000000001,24.0,1.0
28,Switzerland,Bosnia and Herzegovina,H,45,215.0,210.784518,535,-1.8505765281945976,-1.0,0,0.0,0.0,0.56,29.0,4.0
29,Brazil,Haiti,H,77,500.0,831.902575,289,-1.8548939082819942,0.0,0,1.0,0.0,0.3700000000000001,11.0,4.0
30,Scotland,Morocco,A,-32,-200.0,-331.65874,266,-2.603485494655935,0.0,0,0.0,1.0,-0.45000000000000007,11.0,0.0
31,USA,Australia,H,10,60.0,298.773152,226,0.4544832306639286,1.0,0,2.0,-1.0,1.2799999999999998,32.0,2.0
32,Türkiye,Paraguay,A,28,55.0,325.487649,284,1.3303848786394923,-1.0,0,-1.0,2.0,-0.16000000000000003,34.0,6.0
33,Germany,Côte d'Ivoire,H,28,220.0,493.975287,138,-2.1977570683936207,0.0,0,6.0,-1.0,3.72,22.0,8.0
34,Ecuador,Curaçao,D,59,350.0,218.719201,150,1.9433475490970409,0.0,0,-1.0,6.0,0.51,12.0,0.0
35,Netherlands,Sweden,H,17,165.0,356.695101,346,-0.2173432317169528,0.0,0,-3.0,-1.0,-1.1700000000000002,12.0,-2.0
36,Tunisia,Japan,A,-27,-170.0,-191.935486,-227,0.8505238772179169,0.0,0,-1.0,-3.0,-1.04,12.0,-3.0
37,Belgium,IR Iran,D,11,130.0,488.630151,-90,2.718054019902066,0.0,0,-1.0,1.0,-0.2999999999999998,14.0,-1.0
38,New Zealand,Egypt,A,-49,-220.0,-159.686103,1,0.791870689201275,0.0,0,1.0,-1.0,0.07999999999999985,2.0,5.0
39,Spain,Saudi Arabia,H,56,460.0,2004.631818,-185,1.7686516084873318,0.0,0,-1.0,1.0,1.2999999999999998,47.0,5.0
40,Uruguay,Cabo Verde,D,51,320.0,225.019879,102,0.9341336281787918,0.0,0,1.0,-1.0,1.4100000000000001,37.0,9.0
41,France,Iraq,H,52,470.0,1422.335888,-29,-0.08624229979466236,0.0,0,2.0,3.0,1.7599999999999998,15.0,7.0
42,Norway,Senegal,H,-29,-65.0,8.804705,-215,0.2830516506081331,0.0,0,3.0,2.0,1.8,13.0,3.0
43,Argentina,Austria,H,23,320.0,781.121201,247,-0.5067129995261404,0.0,0,0.0,1.0,0.6699999999999999,-4.0,2.0
44,Jordan,Algeria,A,-35,-150.0,-124.828894,286,-1.608171431580061,0.0,0,1.0,0.0,0.46,-18.0,2.0
45,Portugal,Uzbekistan,H,45,360.0,1060.783765,204,0.17796030116358708,0.0,0,0.0,2.0,0.8300000000000001,35.0,-1.0
46,Colombia,Congo DR,H,48,320.0,307.905521,253,-1.02058653188017,0.0,0,2.0,0.0,0.9500000000000002,31.0,2.0
47,England,Ghana,D,45,360.0,1122.981159,268,-0.2980045279839878,0.0,0,3.0,-2.0,1.6199999999999999,13.0,9.0
48,Panama,Croatia,A,-23,-260.0,-213.172054,380,-2.0978255146632883,0.0,0,-2.0,3.0,-0.8899999999999999,12.0,-1.0
49,Czechia,Mexico,A,-26,-70.0,-224.764679,-499,0.27989259200759165,0.0,-1,-0.5,-1.5,-0.4949999999999999,-14.0,-1.0
50,South Africa,South Korea,H,-38,-180.0,-91.35,-436,1.257305323013746,0.0,0,-0.5,-0.5,-0.17999999999999994,-1.0,-0.5
51,Switzerland,Canada,H,14,65.0,152.950995,175,-1.3343863528668436,0.0,-1,-1.0,-0.5,-0.5899999999999999,-1.0,-0.5
52,Bosnia and Herzegovina,Qatar,H,-8,45.0,25.100024,-973,3.051229400305381,0.0,0,0.5,1.0,0.43000000000000005,7.5,1.5
53,Scotland,Brazil,A,-33,-310.0,-768.136999,57,0.16058547886062158,0.0,0,-1.5,0.0,-0.5799999999999998,-8.5,-4.0
54,Morocco,Haiti,H,76,390.0,395.424316,80,0.9091770652345623,0.0,0,1.0,1.5,-0.2549999999999999,9.5,3.0
55,Türkiye,USA,H,-9,-70.0,82.35933,12,-0.7672300321170944,0.0,-1,-3.0,-1.0,-1.425,7.5,2.0
56,Paraguay,Australia,D,-27,-65.0,55.644833,-46,-1.643131680092658,0.0,0,0.0,-1.0,-0.31000000000000005,-5.0,-1.5
57,Ecuador,Germany,H,-13,-100.0,-729.954341,-75,1.9691465276680908,0.0,0,-4.5,0.5,-1.9,-5.0,-2.0
58,Curaçao,Côte d'Ivoire,A,-44,-230.0,-454.698255,-87,-2.1719580898225708,0.0,0,-0.5,-2.5,-0.65,-4.0,-2.5
59,Tunisia,Netherlands,A,-37,-270.0,-686.303032,-281,1.1297846575053967,0.0,0,-3.0,-3.0,-2.1350000000000002,-10.0,-4.5
60,Japan,Sweden,D,7,65.0,-137.672445,292,0.061917548570527,0.0,0,0.0,2.0,0.4700000000000002,4.5,-2.5
65,Norway,France,A,-41,-325.0,-1081.054647,1,0.19680935081347073,0.0,0,0.5,-1.0,0.07499999999999973,2.0,-1.0
66,Senegal,Iraq,H,40,210.0,332.476536,187,-0.17248459958932472,0.0,0,1.0,0.5,0.6999999999999998,7.0,2.5
61,New Zealand,Belgium,A,-76,-440.0,-596.160275,-253,-0.6525562049175981,0.0,0,1.0,-2.0,-0.6399999999999999,-16.0,0.0
62,Egypt,IR Iran,D,-16,-90.0,52.155979,-344,1.273627125783193,0.0,0,1.0,0.0,0.385,10.0,2.0
63,Uruguay,Spain,A,-14,-160.0,-1813.826699,185,-1.9948402042857936,0.0,0,-0.5,-1.5,-1.0099999999999998,-6.5,0.5
64,Cabo Verde,Saudi Arabia,D,-9,-20.0,-34.21476,-102,-1.1603222239772535,0.0,0,0.5,1.5,0.17500000000000004,0.5,0.5
67,Jordan,Argentina,A,-62,-540.0,-920.727478,-188,0.6526615068709489,0.0,0,-1.5,-2.5,-1.335,-20.5,-3.0
68,Algeria,Austria,D,-4,-70.0,-14.777383,-227,1.7541199389248696,0.0,0,-0.5,-0.5,-0.09499999999999997,11.5,1.0
69,Colombia,Portugal,D,-8,-20.0,-684.965406,-117,-2.054019902069186,0.0,0,-1.0,0.0,-0.8,-8.0,-0.5
70,Congo DR,Uzbekistan,H,-11,20.0,67.912838,-166,-0.8554730690254289,0.0,0,0.0,3.0,0.18000000000000005,-2.0,0.5
71,Panama,England,A,-30,-370.0,-1147.69095,703,-3.153372295056073,0.0,0,-2.0,0.0,-1.435,-4.0,-4.5
72,Croatia,Ghana,H,38,250.0,188.462263,591,-1.3535513083767725,0.0,0,1.0,-2.0,0.4650000000000001,11.5,2.5
73,South Africa,Canada,A,-27,-175.0,-156.533523,-435,0.16427104722792762,0.0,0,-2.0,0.0,-1.1966666666666668,-9.0,-4.0
74,Brazil,Japan,H,12,150.0,622.382413,109,-1.8678460485441981,1.0,0,0.0,0.6666666666666667,-0.3666666666666669,9.0,1.666666666666667
75,Germany,Paraguay,D,44,245.0,853.057903,155,0.9558258305691538,-1.0,0,2.6666666666666665,0.0,2.1633333333333336,29.000000000000007,7.333333333333333
76,Netherlands,Morocco,D,-1,60.0,308.463392,154,-1.1754857052598382,-1.0,0,1.333333333333333,-0.33333333333333326,1.1866666666666665,1.6666666666666643,1.666666666666667
77,Côte d'Ivoire,Norway,A,6,-25.0,29.61652,-95,0.955194018849042,0.0,0,-1.3333333333333333,1.6666666666666665,-0.8666666666666665,-5.0,-0.6666666666666661
78,France,Sweden,H,22,285.0,1137.682024,285,0.5560996156478666,0.0,0,1.0,1.6666666666666665,0.2200000000000002,5.666666666666657,1.0
79,Mexico,Ecuador,H,9,-60.0,153.119221,452,-1.8230927183699386,2.0,1,1.3333333333333335,0.6666666666666666,0.19333333333333336,0.0,-2.666666666666667
80,England,Congo DR,H,57,380.0,1168.781058,47,1.795503606591904,0.0,0,0.6666666666666667,0.33333333333333337,0.44999999999999996,14.333333333333343,4.0
81,Belgium,Senegal,H,6,110.0,177.720854,69,-0.5272468804296295,-1.0,0,-0.6666666666666665,1.3333333333333335,0.24666666666666637,6.6666666666666785,1.666666666666667
82,USA,Bosnia and Herzegovina,H,47,205.0,232.412045,364,-0.44848101932291584,-1.0,1,0.9999999999999998,0.6666666666666667,0.6933333333333331,16.333333333333336,0.6666666666666665
83,Spain,Austria,H,22,290.0,1890.254786,-262,1.864055178223552,0.0,0,-0.33333333333333326,2.0,0.9366666666666665,16.66666666666667,4.666666666666666
84,Portugal,Croatia,H,6,70.0,758.608765,0,0.29347654398989675,0.0,0,0.33333333333333326,1.3333333333333335,0.8366666666666667,7.6666666666666785,-0.6666666666666665
85,Switzerland,Algeria,H,9,100.0,128.043658,355,-1.4496919917864481,3.0,0,0.6666666666666663,1.333333333333333,0.2466666666666668,-0.6666666666666785,2.0
86,Australia,Egypt,D,9,60.0,-117.552906,-96,1.6994682251355613,2.0,0,-1.0,0.33333333333333337,-0.6133333333333334,-9.0,-1.0000000000000004
87,Argentina,Cabo Verde,H,66,510.0,929.712993,426,0.558205654714893,0.0,0,2.0,0.3333333333333333,1.563333333333333,21.33333333333332,2.3333333333333335
88,Colombia,Ghana,H,36,300.0,262.105622,474,-3.1140946664560616,0.0,0,0.6666666666666666,0.3333333333333333,0.8033333333333332,15.333333333333336,3.0
89,Paraguay,France,A,-51,-375.0,-1410.520743,-111,-2.001579529300262,1.0,0,-2.5,-0.75,-1.6574999999999998,-26.0,-6.5
90,Canada,Morocco,A,-26,-125.0,-252.520631,250,-0.37371663244353215,1.0,0,0.5,0.25,0.6125,-8.0,2.0
91,Brazil,Norway,A,38,255.0,428.082591,115,-2.5588374664350084,1.0,0,-0.25,1.5,-0.3674999999999997,11.0,2.0
92,Mexico,England,A,-10,-240.0,-909.912387,384,-0.6274943400200215,0.0,1,0.0,0.75,-0.42999999999999994,-10.25,-2.75
93,Portugal,Spain,A,-3,-110.0,-988.264264,418,-1.2878428894855958,0.0,0,0.0,-0.5,-0.3474999999999997,-6.5,-4.5
94,USA,Belgium,A,-8,-100.0,-255.253926,-124,0.7095245616806167,0.0,1,0.25,0.0,-0.41999999999999993,-4.75,-3.25
95,Argentina,Egypt,H,35,420.0,827.447645,420,-0.05928499973675372,0.0,0,1.25,0.25,0.81,10.5,1.75
96,Switzerland,Colombia,D,-6,-130.0,-103.758841,89,1.7822355604696511,1.0,0,1.0,-0.5,-0.07750000000000012,-3.75,0.25
97,France,Morocco,H,4,180.0,1089.450315,93,-0.4020428578950188,0.0,0,0.7999999999999998,0.4,0.798,1.7999999999999972,2.8
98,Spain,Belgium,H,7,170.0,1500.107058,-343,0.8670562838940654,1.0,0,-0.8,1.0,0.2280000000000002,8.200000000000003,0.5999999999999996
99,Norway,England,A,-40,-275.0,-856.669074,-36,0.469014900226405,1.0,0,0.19999999999999973,-0.8,0.018000000000000016,0.6000000000000014,-1.6000000000000005
100,Argentina,Switzerland,H,18,290.0,667.854926,119,-0.8111409466645618,0.0,0,0.9999999999999998,-0.4,0.494,7.199999999999996,1.0
101,France,Spain,A,-1,-20.0,-587.96856,58,-0.25356710366977353,1.0,0,0.8333333333333333,-0.1666666666666667,0.048333333333332895,-7.166666666666671,0.16666666666666607
102,England,Argentina,A,-3,-100.0,296.779452,-414,1.8449955246669845,1.0,0,-0.6666666666666665,0.0,-0.466666666666667,-5.5,0.3333333333333339
103,France,England,A,1,50.0,224.385573,-37,0.2722055494129343,1.0,0,0.2857142857142856,0.5714285714285714,0.485714285714286,4.142857142857153,1.1428571428571432
104,Spain,Argentina,H,-1,-30.0,1109.133585,-509,2.3707681777496923,1.0,0,-0.8571428571428577,0.8571428571428572,0.05428571428571294,3.857142857142861,0.7142857142857135
